{"test_acc": 0.8921000361442566, "val_scores": [0.8479000329971313, 0.8598000407218933, 0.8766000270843506, 0.8758000135421753, 0.8770000338554382, 0.8764000535011292, 0.8849000334739685, 0.8922000527381897, 0.8940000534057617, 0.8907000422477722, 0.8920000195503235, 0.8813000321388245, 0.891200065612793, 0.8943000435829163, 0.8946000337600708, 0.8788000345230103, 0.8879000544548035, 0.8952000141143799, 0.8975000381469727, 0.881600022315979, 0.8878000378608704, 0.8924000263214111, 0.8921000361442566, 0.8928000330924988, 0.8952000141143799, 0.8981000185012817, 0.8969000577926636, 0.8905000686645508, 0.8950000405311584, 0.893500030040741, 0.8821000456809998, 0.896600067615509, 0.8892000317573547, 0.8893000483512878, 0.8835000395774841, 0.8821000456809998, 0.893500030040741, 0.891800045967102, 0.8842000365257263, 0.8911000490188599], "train_scores": [0.7832933068275452, 0.8552484512329102, 0.8748197555541992, 0.8827724456787109, 0.8950120210647583, 0.9020032286643982, 0.9068710207939148, 0.9115384817123413, 0.9170473217964172, 0.9232372045516968, 0.9278245568275452, 0.9301682710647583, 0.9348958730697632, 0.9395032525062561, 0.9419872164726257, 0.9450120329856873, 0.9494591355323792, 0.9518229365348816, 0.944531261920929, 0.9558894634246826, 0.9601162075996399, 0.9619191288948059, 0.9631009697914124, 0.9664663672447205, 0.9687500596046448, 0.9685096740722656, 0.9730969667434692, 0.9753205180168152, 0.971915066242218, 0.9747396111488342, 0.9791666865348816, 0.9789663553237915, 0.9813501834869385, 0.9831330180168152, 0.8822716474533081, 0.9378005266189575, 0.9586138129234314, 0.9695312976837158, 0.9721354246139526, 0.9770232439041138]}