{"test_acc": 0.8885000348091125, "val_scores": [0.851900041103363, 0.8641000390052795, 0.8760000467300415, 0.8826000690460205, 0.8858000636100769, 0.8836000561714172, 0.8840000629425049, 0.8806000351905823, 0.8939000368118286, 0.8902000188827515, 0.8857000470161438, 0.8934000134468079, 0.8869000673294067, 0.8874000310897827, 0.8957000374794006, 0.8951000571250916, 0.8896000385284424, 0.8835000395774841, 0.8957000374794006, 0.891700029373169, 0.8951000571250916, 0.8837000131607056, 0.8949000239372253, 0.8921000361442566, 0.8856000304222107, 0.893500030040741, 0.8943000435829163, 0.8920000195503235, 0.8867000341415405, 0.8896000385284424, 0.8919000625610352, 0.8925000429153442, 0.8965000510215759, 0.8891000151634216, 0.8945000171661377, 0.8919000625610352, 0.8910000324249268, 0.8898000717163086, 0.8903000354766846, 0.885200023651123], "train_scores": [0.8005408644676208, 0.867928683757782, 0.8825120329856873, 0.8935296535491943, 0.901602566242218, 0.907271683216095, 0.9144030809402466, 0.9182692766189575, 0.9228766560554504, 0.9293870329856873, 0.9343149065971375, 0.938401460647583, 0.9417468309402466, 0.9447115659713745, 0.9490985870361328, 0.9509615898132324, 0.9555288553237915, 0.9548277258872986, 0.9610777497291565, 0.9652644395828247, 0.9647436141967773, 0.9670072197914124, 0.9672476053237915, 0.9721755385398865, 0.9733974933624268, 0.9734375476837158, 0.9752804636955261, 0.976842999458313, 0.977423906326294, 0.9777043461799622, 0.9793069362640381, 0.9802684783935547, 0.9830729365348816, 0.9835136532783508, 0.9833133220672607, 0.9849359393119812, 0.9832732677459717, 0.9857171773910522, 0.9869591593742371, 0.9856370687484741]}