{"test_acc": 0.8896000385284424, "val_scores": [0.8587000370025635, 0.8706000447273254, 0.874500036239624, 0.8817000389099121, 0.8831000328063965, 0.8813000321388245, 0.8805000185966492, 0.8770000338554382, 0.8931000232696533, 0.8947000503540039, 0.8886000514030457, 0.8904000520706177, 0.8867000341415405, 0.8958000540733337, 0.8945000171661377, 0.8929000496864319, 0.8952000141143799, 0.8879000544548035, 0.8891000151634216, 0.8890000581741333, 0.8952000141143799, 0.8904000520706177, 0.8891000151634216, 0.8934000134468079, 0.8881000280380249, 0.8943000435829163, 0.8885000348091125, 0.8939000368118286, 0.89000004529953, 0.8945000171661377, 0.8955000638961792, 0.8906000256538391, 0.8914000391960144, 0.8927000164985657, 0.8908000588417053, 0.8973000645637512, 0.8927000164985657, 0.8903000354766846, 0.8906000256538391, 0.893000066280365], "train_scores": [0.8169671893119812, 0.8715544939041138, 0.8851162195205688, 0.8927684426307678, 0.9006611108779907, 0.9072315692901611, 0.9135617017745972, 0.9168269634246826, 0.918870210647583, 0.9247996807098389, 0.9278846383094788, 0.9317708611488342, 0.9357171654701233, 0.9395633339881897, 0.9405248761177063, 0.9433093070983887, 0.9465945959091187, 0.9498798251152039, 0.9492388367652893, 0.9546274542808533, 0.9564303159713745, 0.9583734273910522, 0.9602164030075073, 0.9607172012329102, 0.9616787433624268, 0.9655448794364929, 0.9641226530075073, 0.9670473337173462, 0.9660256505012512, 0.9698718190193176, 0.9668269753456116, 0.9725561141967773, 0.9723758101463318, 0.9731169939041138, 0.9715344905853271, 0.9761819243431091, 0.9737580418586731, 0.976682722568512, 0.9780649542808533, 0.9784255027770996]}